USE FlexPhoneDatabase
GO

INSERT INTO MsCustomer VALUES
('CU001','Daniel Randall','randall@sunib.edu','1997-02-21','Male','+6281211332244'),
('CU002','Dominick Key','dominicK@bluejack.com','1994-03-25','Male','+6281211333355'),
('CU003','Lewis Holder','lewisholder@sunib.edu','2000-04-15','Male','+6288233419931'),
('CU004','Myra Howard','howardmyra@bluejack.com','2002-08-29','Female','+6283822124991'),
('CU005','Harriett Ibarra','ibarra_h@sunib.edu','2000-09-15','Female','+6285812360824'),
('CU006','Leigh Fritz','leighfritz@bluejack.com','1996-01-28','Male','+6285722035810'),
('CU007','Bert Lowery','lowery_bert@sunib.edu','1998-11-11','Female','+6281345452363'),
('CU008','Brianna Ingram','b.ingram@bluejack.com','2000-07-20','Female','+6289522639271'),
('CU009','Taylor Ballard','tayballard@sunib.edu','1996-06-24','Male','+6287724145872'),
('CU010','Billy Mcmillan','billmcmillan@bluejack.com','2001-03-19','Male','+6287822014729');

INSERT INTO MsStaff VALUES
('ST001','Faith Braun','fbraun@bluejack.com','1980-02-20','Male','+6289522047501','74 Jefferson South',5000000),
('ST002','Hobert Bright','hobertb@sunib.edu','1990-05-25','Male','+6288200485713','95 Green Leaf Avenue',5000000),
('ST003','Elsa Hayes','elsahayes@bluejack.com','1996-04-23','Female','+6281299425902','36 Rockport Hill',4000000),
('ST004','Christina Mccormick','christinamc@sunib.edu','1993-03-26','Female','+6287822495372','53 Darwin Terrence',4000000),
('ST005','Leroy Whitaker','LWhitaker@bluejack.com','2000-05-21','Male','+6281345552452','63 Ashter Street',4000000),
('ST006','Madeleine Lambert','madeleinelambert@sunib.edu','1984-08-24','Female','+6283822045710','21 Crouch Street',5000000),
('ST007','Karin Jefferson','k_jefferson@bluejack.com','1992-09-19','Female','+6281245829667','33 Forest Park',4000000),
('ST008','Bobbie Boyde','bboyde@sunib.edu','2000-09-27','Male','+6282122485632','43 Jefferson West',4000000),
('ST009','Silvia Hoover','silviahoo@bluejack.com','1997-02-22','Female','+6288294170245','66 Merchant Street',4000000),
('ST010','Fred Brewer','fred.brewer@sunib.edu','1981-03-01','Male','+6289521259384','37 Sugar Alley',5000000);

INSERT INTO MsVendor VALUES
('VE001','Putra Siregar','psiregar@bluejack.com','+6281200453683','14 Sugar Alley'),
('VE002','Renan','renanstore@sunib.edu','+6282297009700','72 Radar Auri'),
('VE003','Eka Celluler','ekacelluler@bluejack.com','+6281717729248','07 Dotcom District'),
('VE004','iColor','icolor@sunib.edu','+6281387739050','08 Central Park'),
('VE005','Coco Apple','cocoapplestore@bluejack.com','+6281300324595','23 East Tebet'),
('VE006','Rhacellindo Multimedia','rhacellindo@sunib.edu','+6288240129475','47 Mangga Dua'),
('VE007','Big Berry Cellular','bigberry@bluejack.com','+6289528425783','25 East Kelapa Gading'),
('VE008','Pratama Sentra Semesta','pratamasentra@sunib.edu','+6281344859383','18 Setiabudi'),
('VE009','Sinar Dunia','sidu@bluejack.com','+6285729304821','29 Alam Sutra'),
('VE010','B-Cell','bcell@sunib.edu','+6283827719501','13 Pasar Minggu');

INSERT INTO MsPhoneBrand VALUES
('PB001','Samsung'),
('PB002','Apple'),
('PB003','Xiaomi'),
('PB004','Huawei'),
('PB005','Oneplus'),
('PB006','Oppo'),
('PB007','Google'),
('PB008','Vivo'),
('PB009','Asus'),
('PB010','POCO');

INSERT INTO MsPhone VALUES
('PO001','PB001','Galaxy S21 Ultra',16000000),
('PO002','PB001','Z Fold 3',25000000),
('PO003','PB002','iPhone 13 Pro Max',20000000),
('PO004','PB002','iPhone 13 Pro',18000000),
('PO005','PB003','Mi 11',12000000),
('PO006','PB003','Mi 11 Lite',3799000),
('PO007','PB004','Mate 40 Pro',18000000),
('PO008','PB004','P50 Pro',20000000),
('PO009','PB005','9 5G',9500000),
('PO010','PB005','9 Pro',15000000),
('PO011','PB006','Find X3 Pro',15000000),
('PO012','PB006','Reno 6 Pro',11000000),
('PO013','PB007','Pixel 6 Pro',20000000),
('PO014','PB007','Pixel 6',15000000),
('PO015','PB008','X70 Pro Plus',20000000),
('PO016','PB008','X70 Pro',10000000),
('PO017','PB009','Zenfone 8',8500000),
('PO018','PB009','ROG Phone 5',8500000),
('PO019','PB010','F3',5000000),
('PO020','PB010','X3 Pro',3500000),
('PO021','PB001','Galaxy A52',5000000),
('PO022','PB002','Iphone SE',5800000),
('PO023','PB003','11T Pro',7000000),
('PO024','PB004','Nova 9',7600000),
('PO025','PB005','7 Pro',4200000),
('PO026','PB006','A95',4000000),
('PO027','PB007','Pixel 5',13000000),
('PO028','PB008','Y12s',1500000),
('PO029','PB009','ROG Phone 5s Pro',19000000),
('PO030','PB010','M3',1000000),
('PO031','PB001','Galaxy Z Flip3',11500000),
('PO032','PB002','Iphone XR',6400000),
('PO033','PB003','Mi 11T',6000000),
('PO034','PB003','Mi 11T Pro',7000000),
('PO035','PB004','P40 Pro',14500000);

INSERT INTO PurchaseTransactionHeader VALUES
('PH001','ST001','VE001','2021-10-24'),
('PH002','ST001','VE002','2021-11-19'),
('PH003','ST002','VE003','2021-12-01'),
('PH004','ST002','VE004','2021-10-11'),
('PH005','ST006','VE005','2021-11-27'),
('PH006','ST006','VE006','2021-09-15'),
('PH007','ST010','VE007','2021-12-14'),
('PH008','ST010','VE008','2021-08-22'),
('PH009','ST001','VE009','2021-10-26'),
('PH010','ST001','VE010','2021-11-06'),
('PH011','ST002','VE001','2021-09-23'),
('PH012','ST002','VE002','2021-10-21'),
('PH013','ST006','VE003','2021-12-20'),
('PH014','ST006','VE004','2021-11-10'),
('PH015','ST010','VE005','2021-09-24');

INSERT INTO PurchaseTransactionDetail VALUES
('PH001','PO013',4),
('PH001','PO014',4),
('PH002','PO003',5),
('PH002','PO004',5),
('PH003','PO001',10),
('PH003','PO002',10),
('PH004','PO007',3),
('PH004','PO008',3),
('PH005','PO017',2),
('PH005','PO018',2),
('PH006','PO011',5),
('PH006','PO012',5),
('PH007','PO005',10),
('PH007','PO006',10),
('PH008','PO001',8),
('PH008','PO002',3),
('PH009','PO015',1),
('PH009','PO016',5),
('PH010','PO009',3),
('PH010','PO010',1),
('PH011','PO003',5),
('PH012','PO013',3),
('PH013','PO018',2),
('PH014','PO014',4),
('PH015','PO001',2);

INSERT INTO SalesTransactionHeader VALUES
('SH001','ST003','CU001','2021-11-03'),
('SH002','ST003','CU002','2021-12-07'),
('SH003','ST004','CU003','2021-10-22'),
('SH004','ST004','CU004','2021-10-13'),
('SH005','ST005','CU005','2021-09-19'),
('SH006','ST005','CU006','2021-12-14'),
('SH007','ST007','CU007','2021-11-16'),
('SH008','ST007','CU008','2021-10-11'),
('SH009','ST008','CU009','2021-09-17'),
('SH010','ST008','CU010','2021-08-12'),
('SH011','ST009','CU005','2021-11-26'),
('SH012','ST009','CU009','2021-12-25'),
('SH013','ST003','CU002','2021-12-15'),
('SH014','ST004','CU003','2021-11-23'),
('SH015','ST005','CU006','2021-12-18'),
('SH016','ST009','CU010','2021-11-12');

INSERT INTO SalesTransactionDetail VALUES 
('SH001','PO003',1),
('SH001','PO001',1),
('SH001','PO004',1),
('SH001','PO022',1),
('SH001','PO032',1),
('SH002','PO003',1),
('SH002','PO005',1),
('SH002','PO006',1),
('SH002','PO023',1),
('SH002','PO033',1),
('SH002','PO034',1),
('SH003','PO007',1),
('SH003','PO004',1),
('SH003','PO008',1),
('SH003','PO024',1),
('SH003','PO035',1),
('SH004','PO014',1),
('SH004','PO018',1),
('SH005','PO003',1),
('SH005','PO006',1),
('SH006','PO015',1),
('SH006','PO016',1),
('SH007','PO002',1),
('SH007','PO003',1),
('SH007','PO001',1),
('SH007','PO021',1),
('SH007','PO031',1),
('SH008','PO020',1),
('SH008','PO003',1),
('SH009','PO019',1),
('SH009','PO010',1),
('SH010','PO009',1),
('SH010','PO017',1),
('SH011','PO003',1),
('SH012','PO012',1),
('SH013','PO008',1),
('SH014','PO011',1),
('SH015','PO001',1);